"COUNTRY_ID","COUNTRY","ISO_CURRENCY","ISO_COUNTRY","CITY_ID","CITY","CITY_POPULATION"
1,"Australia","AUD","AU",10026,"Sydney","5231147"
1,"Australia","AUD","AU",10013,"Melbourne","4917750"
2,"Brazil","BRL","BR",10022,"Sao Paulo","12400232"
2,"Brazil","BRL","BR",10020,"Rio de Janeiro","6747815"
3,"Canada","CAD","CA",10014,"Montreal","1762949"
3,"Canada","CAD","CA",10028,"Toronto","2794356"
3,"Canada","CAD","CA",10029,"Vancouver","662248"
4,"Egypt","EGP","EG",10004,"Cairo","1010166"
5,"England","EUR","GB",10010,"London","8799800"
5,"England","EUR","GB",10012,"Manchester","552858"
6,"France","EUR","FR",10019,"Paris","2165423"
6,"France","EUR","FR",10018,"Nice","342669"
7,"Germany","EUR","DE",10008,"Hamburg","1845229"
7,"Germany","EUR","DE",10016,"Munich","1488202"
7,"Germany","EUR","DE",10002,"Berlin","3769495"
8,"India","INR","IN",10006,"Delhi","16349831"
8,"India","INR","IN",10015,"Mumbai","12478447"
9,"Japan","JPY","JP",10027,"Tokyo","13988129"
10,"Poland","PLN","PL",10009,"Krakow","800653"
10,"Poland","PLN","PL",10030,"Warsaw","1860281"
11,"South Africa","ZAR","ZA",10005,"Cape Town","4710000"
12,"South Korea","KRW","KR",10024,"Seoul","9765869"
13,"Spain","EUR","ES",10011,"Madrid","3223334"
13,"Spain","EUR","ES",10001,"Barcelona","1620343"
14,"Sweden","SEK","SE",10025,"Stockholm","978770"
15,"United States","USD","US",10007,"Denver","715522"
15,"United States","USD","US",10017,"New York City","8804190"
15,"United States","USD","US",10021,"San Mateo","105661"
15,"United States","USD","US",10023,"Seattle","737015"
15,"United States","USD","US",10003,"Boston","675647"
