"FRANCHISE_ID","FIRST_NAME","LAST_NAME","CITY","COUNTRY","E_MAIL","PHONE_NUMBER"
1,"Corporate","Owned","San Mateo","United States","TastyBytes@Gmail.com","434-928-2233"
2,"Annette","Gates","San Mateo","United States","Annette.Gates@yahoo.com","949-148-5165"
3,"Steven","Phelps","San Mateo","United States","Steven.Phelps@aol.com","746-288-2047"
4,"Sandra","Dunn","San Mateo","United States","Sandra.Dunn@ymail.com","043-798-0237"
5,"Diane","Cruz","San Mateo","United States","Diane.Cruz@gmail.com","850-879-6541"
6,"Nicole","Strickland","San Mateo","United States","Nicole.Strickland@yahoo.com","110-993-0855"
7,"Kimberly","Johnson","San Mateo","United States","Kimberly.Johnson@ymail.com","743-886-7951"
8,"Jason","Silva","San Mateo","United States","Jason.Silva@gmail.com","618-036-5189"
9,"Antonio","Lee","San Mateo","United States","Antonio.Lee@ymail.com","710-281-7504"
10,"George","Thompson","San Mateo","United States","George.Thompson@gmail.com","865-015-6733"
11,"Brian","Vang","San Mateo","United States","Brian.Vang@ymail.com","670-953-0505"
12,"Jacob","Nguyen","San Mateo","United States","Jacob.Nguyen@yahoo.com","429-494-8673"
13,"John","Jimenez","San Mateo","United States","John.Jimenez@ymail.com","607-052-4445"
14,"Todd","West","Denver","United States","Todd.West@gmail.com","592-360-3522"
15,"Jasmine","Conrad","Denver","United States","Jasmine.Conrad@gmail.com","173-885-2151"
16,"Roger","Smith","Denver","United States","Roger.Smith@hotmail.com","466-534-2354"
17,"Stephanie","Smith","Denver","United States","Stephanie.Smith@gmail.com","443-071-1851"
18,"Monica","Richardson","Denver","United States","Monica.Richardson@hotmail.com","487-126-8580"
19,"Stephanie","Martin","Denver","United States","Stephanie.Martin@ymail.com","034-688-5281"
20,"Terry","Bird","Denver","United States","Terry.Bird@gmail.com","308-183-6115"
21,"Alexander","Smith","Denver","United States","Alexander.Smith@gmail.com","346-285-5897"
22,"Megan","Clark","Denver","United States","Megan.Clark@hotmail.com","425-613-6970"
23,"David","Miller","Denver","United States","David.Miller@gmail.com","501-559-0502"
24,"Robert","Crawford","Denver","United States","Robert.Crawford@gmail.com","689-585-8269"
25,"Andrew","Jordan","Denver","United States","Andrew.Jordan@hotmail.com","747-368-0474"
26,"Barbara","Davenport","Seattle","United States","Barbara.Davenport@yahoo.com","790-879-3841"
27,"Jeremy","Thompson","Seattle","United States","Jeremy.Thompson@gmail.com","771-509-1052"
28,"Kevin","Cisneros","Seattle","United States","Kevin.Cisneros@yahoo.com","315-194-7726"
29,"Andrew","Carpenter","Seattle","United States","Andrew.Carpenter@gmail.com","793-556-9673"
30,"Desiree","Anderson","Seattle","United States","Desiree.Anderson@ymail.com","751-758-2401"
31,"Dustin","White","Seattle","United States","Dustin.White@gmail.com","823-114-6971"
32,"William","Walker","Seattle","United States","William.Walker@gmail.com","274-593-1032"
33,"Dawn","Hicks","Seattle","United States","Dawn.Hicks@gmail.com","283-011-6081"
34,"Heidi","Holmes","Seattle","United States","Heidi.Holmes@gmail.com","720-990-8472"
35,"Jennifer","Fuentes","Seattle","United States","Jennifer.Fuentes@hotmail.com","104-129-6413"
36,"Brittany","Williams","Seattle","United States","Brittany.Williams@gmail.com","316-079-7973"
36,"Brittany","Williams","Boston","United States","Brittany.Williams@gmail.com","316-079-7973"
37,"Mary","Sanders","Seattle","United States","Mary.Sanders@aol.com","376-196-0773"
37,"Mary","Sanders","Boston","United States","Mary.Sanders@aol.com","376-196-0773"
38,"Toni","Carter","Seattle","United States","Toni.Carter@gmail.com","179-785-1221"
39,"David","Roberts","Boston","United States","David.Roberts@gmail.com","152-433-5169"
40,"Megan","Diaz","Boston","United States","Megan.Diaz@gmail.com","019-578-3920"
41,"Cindy","Turner","Boston","United States","Cindy.Turner@yahoo.com","220-471-5807"
42,"Michael","Martinez","Boston","United States","Michael.Martinez@gmail.com","894-534-7721"
43,"Dominic","Moore","Boston","United States","Dominic.Moore@gmail.com","253-362-6245"
44,"Andrew","Byrd","Boston","United States","Andrew.Byrd@hotmail.com","601-713-1850"
45,"Tyrone","Harris","Boston","United States","Tyrone.Harris@gmail.com","114-846-9920"
46,"Sandra","Brown","Boston","United States","Sandra.Brown@ymail.com","544-784-0692"
47,"Reginald","Graham","Boston","United States","Reginald.Graham@ymail.com","278-510-2264"
48,"Mary","Collins","Boston","United States","Mary.Collins@gmail.com","557-367-3636"
49,"Bruce","Kent","Boston","United States","Bruce.Kent@yahoo.com","781-180-1960"
49,"Bruce","Kent","New York City","United States","Bruce.Kent@yahoo.com","781-180-1960"
50,"Anthony","Nelson","New York City","United States","Anthony.Nelson@gmail.com","554-088-1294"
51,"Alexandria","Wilson","New York City","United States","Alexandria.Wilson@yahoo.com","841-879-5885"
52,"Michael","Wallace","New York City","United States","Michael.Wallace@aol.com","909-142-0660"
53,"Brittany","Curtis","New York City","United States","Brittany.Curtis@hotmail.com","513-568-5744"
54,"Madeline","Turner","New York City","United States","Madeline.Turner@yahoo.com","805-562-2159"
55,"Thomas","Figueroa","New York City","United States","Thomas.Figueroa@gmail.com","467-900-7913"
56,"Oscar","Wilson","New York City","United States","Oscar.Wilson@gmail.com","187-565-9387"
57,"Tristan","Sherman","New York City","United States","Tristan.Sherman@gmail.com","970-192-4588"
58,"Joseph","Hernandez","New York City","United States","Joseph.Hernandez@aol.com","511-724-4735"
59,"Kimberly","Lawson","New York City","United States","Kimberly.Lawson@gmail.com","203-092-8799"
60,"Morgan","Lowe","New York City","United States","Morgan.Lowe@gmail.com","086-465-8809"
61,"Katherine","Wilkerson","Toronto","Canada","Katherine.Wilkerson@gmail.com","756-332-9539"
62,"Sarah","Phillips","Toronto","Canada","Sarah.Phillips@ymail.com","473-492-1257"
63,"Gary","Hartman","Toronto","Canada","Gary.Hartman@aol.com","482-932-9126"
64,"Beth","Johnson","Toronto","Canada","Beth.Johnson@gmail.com","774-243-9478"
65,"Danielle","Roman","Toronto","Canada","Danielle.Roman@gmail.com","570-052-8010"
66,"Jeffrey","Hunter","Toronto","Canada","Jeffrey.Hunter@gmail.com","464-060-7882"
67,"Beth","Padilla","Toronto","Canada","Beth.Padilla@yahoo.com","688-574-9752"
68,"Amanda","Willis","Toronto","Canada","Amanda.Willis@gmail.com","208-636-5899"
69,"Tara","Green","Toronto","Canada","Tara.Green@hotmail.com","947-353-8527"
70,"John","Perez","Vancouver","Canada","John.Perez@hotmail.com","656-800-0877"
71,"Dawn","Rivera","Vancouver","Canada","Dawn.Rivera@gmail.com","508-447-1458"
72,"Thomas","Collins","Vancouver","Canada","Thomas.Collins@yahoo.com","812-523-1107"
73,"Kyle","Ward","Vancouver","Canada","Kyle.Ward@gmail.com","585-842-7911"
74,"Amanda","Howard","Vancouver","Canada","Amanda.Howard@ymail.com","647-793-6205"
75,"Katie","Clark","Vancouver","Canada","Katie.Clark@gmail.com","082-573-7350"
76,"Mary","Leon","Vancouver","Canada","Mary.Leon@yahoo.com","934-164-4119"
77,"David","Johnson","Vancouver","Canada","David.Johnson@gmail.com","846-742-7698"
78,"Justin","Stevens","Vancouver","Canada","Justin.Stevens@aol.com","272-943-8042"
79,"Jessica","Odom","Vancouver","Canada","Jessica.Odom@aol.com","748-338-8699"
80,"Anthony","Cunningham","Vancouver","Canada","Anthony.Cunningham@gmail.com","249-461-2860"
81,"Alexander","Rodriguez","Montreal","Canada","Alexander.Rodriguez@gmail.com","636-010-2084"
81,"Alexander","Rodriguez","Vancouver","Canada","Alexander.Rodriguez@gmail.com","636-010-2084"
82,"Nicole","Alvarado","Montreal","Canada","Nicole.Alvarado@hotmail.com","051-117-3193"
83,"John","Sanchez","Montreal","Canada","John.Sanchez@gmail.com","126-207-1013"
84,"Gloria","Harvey","Montreal","Canada","Gloria.Harvey@gmail.com","634-422-0735"
85,"Susan","Ross","Montreal","Canada","Susan.Ross@gmail.com","597-488-1056"
86,"Andrew","Shannon","Montreal","Canada","Andrew.Shannon@gmail.com","263-752-1374"
87,"Kimberly","Johnson","Montreal","Canada","Kimberly.Johnson@hotmail.com","417-590-6562"
88,"Gina","Padilla","Montreal","Canada","Gina.Padilla@hotmail.com","720-649-8445"
89,"Sydney","Singh","Montreal","Canada","Sydney.Singh@yahoo.com","502-681-1625"
90,"James","Duncan","Montreal","Canada","James.Duncan@gmail.com","158-846-3489"
91,"Alex","Jackson","Montreal","Canada","Alex.Jackson@aol.com","772-787-8381"
92,"Jeffrey","Graham","Montreal","Canada","Jeffrey.Graham@gmail.com","942-840-9293"
93,"Jeff","Murphy","Montreal","Canada","Jeff.Murphy@yahoo.com","916-537-2558"
94,"Marissa","Decker","London","England","Marissa.Decker@gmail.com","256-694-2510"
95,"Amy","Mcfarland","London","England","Amy.Mcfarland@ymail.com","266-244-9329"
96,"Ashley","Whitaker","London","England","Ashley.Whitaker@gmail.com","157-977-8039"
97,"Savannah","Estrada","London","England","Savannah.Estrada@gmail.com","388-918-9740"
98,"Tina","Harper","London","England","Tina.Harper@gmail.com","779-560-8480"
99,"Aaron","Robles","London","England","Aaron.Robles@gmail.com","670-983-5929"
100,"Cheryl","Christensen","London","England","Cheryl.Christensen@gmail.com","887-301-3874"
101,"Donald","Larson","London","England","Donald.Larson@gmail.com","417-553-6737"
102,"Linda","Mitchell","London","England","Linda.Mitchell@gmail.com","790-795-5954"
103,"Michael","Burke","London","England","Michael.Burke@gmail.com","493-697-1334"
104,"Robyn","Smith","London","England","Robyn.Smith@gmail.com","138-316-5246"
105,"Gina","Gonzales","Manchester","England","Gina.Gonzales@ymail.com","132-110-3966"
106,"Jeffrey","Bradley","Manchester","England","Jeffrey.Bradley@gmail.com","732-572-5285"
107,"Mason","Deleon","Manchester","England","Mason.Deleon@gmail.com","562-149-4598"
108,"Theresa","Guzman","Manchester","England","Theresa.Guzman@gmail.com","550-744-5503"
109,"Sarah","Gamble","Manchester","England","Sarah.Gamble@gmail.com","750-431-2695"
110,"Zachary","Perez","Manchester","England","Zachary.Perez@gmail.com","584-225-1988"
111,"Margaret","Conley","Manchester","England","Margaret.Conley@gmail.com","824-619-1711"
112,"Jeff","Jones","Manchester","England","Jeff.Jones@yahoo.com","165-281-8833"
113,"Ryan","Walls","Manchester","England","Ryan.Walls@aol.com","993-698-9649"
114,"Robert","Walker","Manchester","England","Robert.Walker@gmail.com","834-715-5620"
115,"Robert","Crawford","Manchester","England","Robert.Crawford@aol.com","796-660-6171"
116,"Christopher","Dean","Paris","France","Christopher.Dean@gmail.com","115-202-7407"
117,"Jimmy","Best","Paris","France","Jimmy.Best@gmail.com","058-539-6038"
118,"Kristin","Haynes","Paris","France","Kristin.Haynes@yahoo.com","237-092-9708"
119,"Rebecca","Morse","Paris","France","Rebecca.Morse@aol.com","842-429-9619"
120,"Kelly","Murphy","Paris","France","Kelly.Murphy@aol.com","814-397-3042"
121,"Jennifer","Schmidt","Paris","France","Jennifer.Schmidt@gmail.com","097-387-9484"
122,"Tracy","Cross","Paris","France","Tracy.Cross@gmail.com","886-585-1300"
123,"Jessica","Willis","Nice","France","Jessica.Willis@gmail.com","442-360-8841"
123,"Jessica","Willis","Paris","France","Jessica.Willis@gmail.com","442-360-8841"
124,"Kevin","Webb","Nice","France","Kevin.Webb@gmail.com","415-814-2172"
125,"Eddie","Chaney","Nice","France","Eddie.Chaney@gmail.com","341-404-1605"
126,"Donald","Frank","Nice","France","Donald.Frank@aol.com","790-670-7902"
127,"Jessica","Smith","Nice","France","Jessica.Smith@gmail.com","003-122-8085"
128,"Joshua","Dorsey","Nice","France","Joshua.Dorsey@gmail.com","873-034-1785"
129,"Ryan","Hall","Nice","France","Ryan.Hall@aol.com","976-297-6813"
130,"Dennis","Lynch","Nice","France","Dennis.Lynch@aol.com","138-605-3822"
131,"Kathleen","Jones","Nice","France","Kathleen.Jones@ymail.com","073-783-2336"
132,"Laura","Robinson","Nice","France","Laura.Robinson@gmail.com","864-160-1126"
133,"Kathleen","Robinson","Nice","France","Kathleen.Robinson@aol.com","093-630-8442"
134,"Ashley","Jones","Warsaw","Poland","Ashley.Jones@gmail.com","746-087-8573"
135,"Rita","Williams","Warsaw","Poland","Rita.Williams@aol.com","265-456-7501"
136,"Natalie","Tucker","Warsaw","Poland","Natalie.Tucker@gmail.com","098-537-1083"
137,"Samantha","Drake","Warsaw","Poland","Samantha.Drake@gmail.com","768-414-2709"
138,"Megan","Brown","Warsaw","Poland","Megan.Brown@gmail.com","009-436-7938"
139,"Michelle","Allen","Warsaw","Poland","Michelle.Allen@gmail.com","830-816-8913"
140,"Christina","Boyle","Warsaw","Poland","Christina.Boyle@gmail.com","752-961-2532"
141,"Daniel","King","Warsaw","Poland","Daniel.King@ymail.com","648-235-6193"
142,"Amanda","Smith","Warsaw","Poland","Amanda.Smith@gmail.com","602-411-8701"
143,"Suzanne","Martinez","Krakow","Poland","Suzanne.Martinez@yahoo.com","039-227-4134"
144,"Barbara","Mcgee","Krakow","Poland","Barbara.Mcgee@gmail.com","044-124-3056"
145,"Joshua","Bailey","Krakow","Poland","Joshua.Bailey@yahoo.com","146-719-4845"
146,"Sheri","Bryant","Krakow","Poland","Sheri.Bryant@yahoo.com","246-340-8680"
147,"Cassandra","Brown","Krakow","Poland","Cassandra.Brown@gmail.com","365-262-7964"
148,"Andrea","Smith","Krakow","Poland","Andrea.Smith@gmail.com","273-294-6051"
149,"Bonnie","Flynn","Krakow","Poland","Bonnie.Flynn@aol.com","586-844-3383"
150,"Stephanie","Aguirre","Krakow","Poland","Stephanie.Aguirre@yahoo.com","319-144-8309"
151,"Craig","Pierce","Krakow","Poland","Craig.Pierce@gmail.com","900-150-5096"
152,"Kenneth","Murray","Krakow","Poland","Kenneth.Murray@gmail.com","978-614-4899"
153,"Thomas","Roberson","Krakow","Poland","Thomas.Roberson@gmail.com","753-423-4313"
154,"Dalton","Bowman","Krakow","Poland","Dalton.Bowman@gmail.com","673-756-8145"
155,"Lisa","Morrison","Mumbai","India","Lisa.Morrison@aol.com","266-741-5186"
156,"James","Smith","Mumbai","India","James.Smith@yahoo.com","932-716-1077"
157,"Danielle","Black","Mumbai","India","Danielle.Black@gmail.com","833-776-2235"
158,"Angie","Miller","Mumbai","India","Angie.Miller@yahoo.com","669-151-4644"
159,"Tina","Butler","Mumbai","India","Tina.Butler@ymail.com","344-069-0768"
160,"Alex","Malone","Mumbai","India","Alex.Malone@hotmail.com","774-390-3851"
161,"Rebekah","Smith","Mumbai","India","Rebekah.Smith@gmail.com","587-746-4977"
162,"Robert","Brown","Mumbai","India","Robert.Brown@yahoo.com","648-123-6278"
163,"Kimberly","Carpenter","Mumbai","India","Kimberly.Carpenter@yahoo.com","905-551-1327"
164,"Sara","Nicholson","Mumbai","India","Sara.Nicholson@gmail.com","917-099-2957"
165,"Ronald","Klein","Mumbai","India","Ronald.Klein@hotmail.com","675-722-8949"
167,"Erika","Tran","Delhi","India","Erika.Tran@aol.com","072-346-2481"
168,"Nancy","Rivers","Delhi","India","Nancy.Rivers@ymail.com","023-295-2723"
169,"Jessica","Sosa","Delhi","India","Jessica.Sosa@ymail.com","526-429-8100"
170,"Jason","Kirby","Delhi","India","Jason.Kirby@aol.com","955-812-4262"
171,"William","Vincent","Delhi","India","William.Vincent@ymail.com","880-868-9990"
172,"Andrew","Giles","Delhi","India","Andrew.Giles@ymail.com","189-306-1561"
173,"Brandy","Mcdonald","Delhi","India","Brandy.Mcdonald@hotmail.com","484-484-3491"
174,"Jessica","Castro","Delhi","India","Jessica.Castro@ymail.com","206-653-7277"
175,"Michelle","Johnson","Delhi","India","Michelle.Johnson@hotmail.com","627-274-6324"
176,"Nicholas","Smith","Delhi","India","Nicholas.Smith@gmail.com","763-531-4997"
177,"Holly","Orr","Delhi","India","Holly.Orr@gmail.com","128-856-1553"
178,"Lauren","Heath","Delhi","India","Lauren.Heath@gmail.com","487-102-4546"
179,"Jessica","Lyons","Tokyo","Japan","Jessica.Lyons@ymail.com","361-861-1613"
180,"Jeffery","Young","Tokyo","Japan","Jeffery.Young@ymail.com","335-732-6268"
181,"Edward","Clark","Tokyo","Japan","Edward.Clark@ymail.com","479-373-0851"
182,"Jessica","Love","Tokyo","Japan","Jessica.Love@gmail.com","788-437-2219"
183,"Douglas","Ruiz","Tokyo","Japan","Douglas.Ruiz@yahoo.com","203-931-7312"
184,"Deanna","Holmes","Tokyo","Japan","Deanna.Holmes@ymail.com","264-216-3306"
185,"Virginia","Moore","Tokyo","Japan","Virginia.Moore@hotmail.com","879-388-7404"
186,"Javier","James","Tokyo","Japan","Javier.James@aol.com","209-632-0586"
187,"Patricia","Thomas","Tokyo","Japan","Patricia.Thomas@ymail.com","847-476-2576"
188,"Laura","Perez","Tokyo","Japan","Laura.Perez@ymail.com","290-758-6590"
189,"Andrew","Smith","Seoul","South Korea","Andrew.Smith@gmail.com","230-431-9443"
190,"Bradley","Blair","Seoul","South Korea","Bradley.Blair@gmail.com","418-395-4221"
191,"Shelby","James","Seoul","South Korea","Shelby.James@gmail.com","998-197-8908"
192,"Kimberly","Wright","Seoul","South Korea","Kimberly.Wright@ymail.com","171-155-0661"
193,"Megan","Monroe","Seoul","South Korea","Megan.Monroe@aol.com","056-670-2668"
194,"Madison","Martinez","Seoul","South Korea","Madison.Martinez@gmail.com","329-366-6814"
195,"Amy","Leblanc","Seoul","South Korea","Amy.Leblanc@gmail.com","600-229-9975"
196,"Daniel","Wells","Seoul","South Korea","Daniel.Wells@gmail.com","726-885-8900"
197,"Kenneth","Bryant","Seoul","South Korea","Kenneth.Bryant@ymail.com","185-169-2449"
198,"Charles","Nelson","Seoul","South Korea","Charles.Nelson@ymail.com","582-913-5396"
199,"Mary","Le","Seoul","South Korea","Mary.Le@aol.com","953-663-7866"
200,"Theresa","Henderson","Sydney","Australia","Theresa.Henderson@gmail.com","723-617-4761"
201,"Jessica","Brewer","Sydney","Australia","Jessica.Brewer@aol.com","403-345-4556"
202,"Margaret","Shaw","Sydney","Australia","Margaret.Shaw@yahoo.com","535-783-0230"
203,"Brittany","White","Sydney","Australia","Brittany.White@gmail.com","157-429-1572"
204,"Karen","Walker","Sydney","Australia","Karen.Walker@yahoo.com","934-257-2718"
205,"Kathy","Garcia","Sydney","Australia","Kathy.Garcia@gmail.com","738-504-7570"
206,"Sharon","Flores","Sydney","Australia","Sharon.Flores@ymail.com","384-979-4465"
207,"Alison","Chan","Sydney","Australia","Alison.Chan@gmail.com","415-305-0230"
208,"William","Lopez","Sydney","Australia","William.Lopez@gmail.com","681-112-7518"
209,"Erik","Moore","Sydney","Australia","Erik.Moore@ymail.com","309-865-2874"
210,"Amanda","Welch","Sydney","Australia","Amanda.Welch@gmail.com","370-458-7893"
211,"Cristina","Lewis","Sydney","Australia","Cristina.Lewis@gmail.com","148-753-8484"
212,"Mary","Warren","Sydney","Australia","Mary.Warren@gmail.com","252-364-9557"
213,"Amber","Munoz","Melbourne","Australia","Amber.Munoz@hotmail.com","496-462-0257"
214,"Sandra","Jones","Melbourne","Australia","Sandra.Jones@gmail.com","203-416-1041"
215,"Kimberly","Price","Melbourne","Australia","Kimberly.Price@gmail.com","773-316-7000"
216,"Brandon","Massey","Melbourne","Australia","Brandon.Massey@gmail.com","446-028-8399"
217,"Michelle","Garcia","Melbourne","Australia","Michelle.Garcia@gmail.com","095-496-4236"
218,"Larry","Moore","Melbourne","Australia","Larry.Moore@yahoo.com","354-404-7351"
219,"Eileen","Lyons","Melbourne","Australia","Eileen.Lyons@ymail.com","101-684-3621"
220,"Michael","Smith","Melbourne","Australia","Michael.Smith@yahoo.com","902-397-2653"
221,"Kevin","Arnold","Melbourne","Australia","Kevin.Arnold@gmail.com","370-259-2207"
222,"Sandra","Stevenson","Melbourne","Australia","Sandra.Stevenson@gmail.com","225-239-8840"
223,"Adam","Mclean","Melbourne","Australia","Adam.Mclean@gmail.com","900-416-8221"
224,"Steve","Vasquez","Melbourne","Australia","Steve.Vasquez@hotmail.com","081-729-2986"
225,"Jennifer","Ellis","Sao Paulo","Brazil","Jennifer.Ellis@gmail.com","745-610-6771"
226,"James","Briggs","Sao Paulo","Brazil","James.Briggs@gmail.com","306-035-2744"
227,"Natalie","Brewer","Sao Paulo","Brazil","Natalie.Brewer@ymail.com","424-817-2678"
228,"Whitney","Warren","Sao Paulo","Brazil","Whitney.Warren@gmail.com","035-182-7640"
229,"Lori","Sellers","Sao Paulo","Brazil","Lori.Sellers@aol.com","481-748-0994"
230,"Joseph","Ward","Sao Paulo","Brazil","Joseph.Ward@gmail.com","492-415-2001"
231,"James","Vasquez","Sao Paulo","Brazil","James.Vasquez@gmail.com","370-949-8195"
232,"Joy","Smith","Sao Paulo","Brazil","Joy.Smith@gmail.com","183-753-3872"
233,"Sarah","Robbins","Sao Paulo","Brazil","Sarah.Robbins@gmail.com","530-495-9325"
234,"Michaela","Richards","Rio de Janeiro","Brazil","Michaela.Richards@aol.com","064-718-4598"
235,"Rachel","Miller","Rio de Janeiro","Brazil","Rachel.Miller@yahoo.com","926-514-0113"
236,"Deborah","Jones","Rio de Janeiro","Brazil","Deborah.Jones@gmail.com","737-889-4234"
237,"Allison","Fernandez","Rio de Janeiro","Brazil","Allison.Fernandez@gmail.com","154-631-5530"
238,"Michael","White","Rio de Janeiro","Brazil","Michael.White@hotmail.com","741-256-1921"
239,"Kevin","Hernandez","Rio de Janeiro","Brazil","Kevin.Hernandez@yahoo.com","064-664-1334"
240,"Kyle","Bailey","Rio de Janeiro","Brazil","Kyle.Bailey@ymail.com","116-796-1182"
241,"Barbara","Simmons","Rio de Janeiro","Brazil","Barbara.Simmons@gmail.com","034-448-2470"
242,"Madison","Smith","Rio de Janeiro","Brazil","Madison.Smith@ymail.com","348-022-7376"
243,"Donna","Dean","Rio de Janeiro","Brazil","Donna.Dean@hotmail.com","892-341-5616"
244,"Trevor","Hopkins","Rio de Janeiro","Brazil","Trevor.Hopkins@gmail.com","618-420-7686"
245,"Michael","Grimes","Rio de Janeiro","Brazil","Michael.Grimes@yahoo.com","994-463-8922"
246,"Anthony","Mcfarland","Munich","Germany","Anthony.Mcfarland@ymail.com","041-487-9326"
247,"Dominique","Jordan","Munich","Germany","Dominique.Jordan@hotmail.com","047-489-7513"
248,"David","Rodriguez","Munich","Germany","David.Rodriguez@yahoo.com","874-283-1810"
249,"Kevin","Harris","Munich","Germany","Kevin.Harris@gmail.com","661-152-9675"
250,"Cody","Smith","Munich","Germany","Cody.Smith@ymail.com","820-269-2073"
251,"Michelle","Bowers","Munich","Germany","Michelle.Bowers@gmail.com","358-898-2536"
252,"Hannah","Sandoval","Munich","Germany","Hannah.Sandoval@hotmail.com","180-930-2308"
253,"Lucas","Velasquez","Munich","Germany","Lucas.Velasquez@hotmail.com","558-987-4938"
254,"Jessica","Taylor","Munich","Germany","Jessica.Taylor@gmail.com","151-546-7787"
255,"Ryan","Martinez","Munich","Germany","Ryan.Martinez@aol.com","260-535-3974"
256,"James","Martinez","Munich","Germany","James.Martinez@gmail.com","533-989-3366"
257,"Amy","Moyer","Berlin","Germany","Amy.Moyer@hotmail.com","007-838-4604"
258,"Valerie","Thomas","Berlin","Germany","Valerie.Thomas@gmail.com","703-342-0105"
259,"Vanessa","Hill","Berlin","Germany","Vanessa.Hill@gmail.com","994-445-4636"
260,"Walter","Palmer","Berlin","Germany","Walter.Palmer@hotmail.com","743-898-8400"
261,"Sabrina","White","Berlin","Germany","Sabrina.White@gmail.com","065-461-8832"
262,"Leslie","Bailey","Berlin","Germany","Leslie.Bailey@ymail.com","245-294-5355"
263,"Holly","Smith","Berlin","Germany","Holly.Smith@aol.com","522-766-1729"
264,"Jenna","Johnson","Berlin","Germany","Jenna.Johnson@gmail.com","357-261-6786"
265,"Rebecca","Mathews","Hamburg","Germany","Rebecca.Mathews@gmail.com","664-682-3454"
266,"Gary","Kemp","Hamburg","Germany","Gary.Kemp@aol.com","418-272-7905"
267,"Brandi","Reeves","Hamburg","Germany","Brandi.Reeves@gmail.com","711-551-7214"
268,"Sara","Wright","Hamburg","Germany","Sara.Wright@ymail.com","286-345-3142"
269,"James","Harris","Hamburg","Germany","James.Harris@gmail.com","652-029-4811"
270,"Lisa","Clark","Hamburg","Germany","Lisa.Clark@yahoo.com","789-710-1560"
271,"Joy","Tucker","Hamburg","Germany","Joy.Tucker@aol.com","040-264-0766"
272,"Angela","Reyes","Hamburg","Germany","Angela.Reyes@gmail.com","948-974-6037"
273,"John","Hunter","Hamburg","Germany","John.Hunter@gmail.com","799-831-2405"
274,"Michael","Gordon","Hamburg","Germany","Michael.Gordon@ymail.com","591-693-1620"
275,"Madison","Martinez","Stockholm","Sweden","Madison.Martinez@gmail.com","451-171-0137"
276,"Christopher","Sutton","Stockholm","Sweden","Christopher.Sutton@gmail.com","687-984-9962"
277,"Sarah","Wilkins","Stockholm","Sweden","Sarah.Wilkins@hotmail.com","039-856-3699"
288,"Cody","Scott","Stockholm","Sweden","Cody.Scott@gmail.com","190-512-7480"
289,"Michael","Cross","Stockholm","Sweden","Michael.Cross@gmail.com","722-908-3721"
290,"Jodi","Walker","Stockholm","Sweden","Jodi.Walker@ymail.com","586-309-5415"
291,"Alexis","Harris","Stockholm","Sweden","Alexis.Harris@gmail.com","744-043-4715"
292,"Karen","Rodriguez","Stockholm","Sweden","Karen.Rodriguez@gmail.com","629-358-8178"
293,"Brandon","Lucas","Stockholm","Sweden","Brandon.Lucas@gmail.com","161-865-5813"
294,"Megan","Martin","Madrid","Spain","Megan.Martin@hotmail.com","096-592-4965"
295,"Jaime","Dickerson","Madrid","Spain","Jaime.Dickerson@gmail.com","557-893-1385"
296,"Paul","Williams","Madrid","Spain","Paul.Williams@aol.com","752-838-0177"
297,"Howard","Moss","Madrid","Spain","Howard.Moss@yahoo.com","259-069-7444"
298,"Randall","Casey","Madrid","Spain","Randall.Casey@gmail.com","323-218-8208"
299,"Stephen","Stephens","Madrid","Spain","Stephen.Stephens@gmail.com","545-613-6283"
300,"Scott","Ferguson","Madrid","Spain","Scott.Ferguson@aol.com","101-747-2296"
301,"Michael","Rivera","Madrid","Spain","Michael.Rivera@aol.com","221-416-2216"
302,"Timothy","Lewis","Madrid","Spain","Timothy.Lewis@hotmail.com","117-819-6299"
303,"James","Cook","Madrid","Spain","James.Cook@gmail.com","582-008-2029"
304,"Colleen","Stevenson","Barcelona","Spain","Colleen.Stevenson@yahoo.com","797-036-2694"
305,"Nicole","Kelly","Barcelona","Spain","Nicole.Kelly@yahoo.com","214-742-7604"
306,"Laura","White","Barcelona","Spain","Laura.White@hotmail.com","322-591-8376"
307,"Mark","Koch","Barcelona","Spain","Mark.Koch@gmail.com","594-207-3531"
308,"Suzanne","Gomez","Barcelona","Spain","Suzanne.Gomez@gmail.com","882-104-0633"
309,"Vanessa","Carr","Barcelona","Spain","Vanessa.Carr@gmail.com","431-416-0595"
310,"Chelsea","Morrow","Barcelona","Spain","Chelsea.Morrow@gmail.com","341-600-2704"
311,"Justin","Johnson","Barcelona","Spain","Justin.Johnson@gmail.com","864-759-7810"
312,"David","Cox","Barcelona","Spain","David.Cox@ymail.com","541-963-5340"
313,"Katherine","Vega","Barcelona","Spain","Katherine.Vega@aol.com","335-558-5204"
314,"Latoya","Wells","Cairo","Egypt","Latoya.Wells@gmail.com","246-756-1606"
315,"Cindy","Gonzalez","Cairo","Egypt","Cindy.Gonzalez@gmail.com","095-921-4383"
316,"Scott","Jackson","Cairo","Egypt","Scott.Jackson@yahoo.com","839-530-7278"
317,"Robert","Wilson","Cairo","Egypt","Robert.Wilson@yahoo.com","980-233-1174"
318,"Timothy","Jones","Cairo","Egypt","Timothy.Jones@ymail.com","068-895-9031"
319,"Bill","Rivera","Cairo","Egypt","Bill.Rivera@gmail.com","440-202-4200"
320,"Renee","Anderson","Cairo","Egypt","Renee.Anderson@ymail.com","871-081-6973"
321,"Eileen","Fitzgerald","Cairo","Egypt","Eileen.Fitzgerald@ymail.com","796-391-6696"
322,"Cody","Crawford","Cairo","Egypt","Cody.Crawford@gmail.com","830-533-6042"
323,"Lisa","Conner","Cairo","Egypt","Lisa.Conner@hotmail.com","217-113-5724"
324,"Brandon","Gaines","Cairo","Egypt","Brandon.Gaines@yahoo.com","915-132-9846"
325,"Adam","Carter","Cairo","Egypt","Adam.Carter@gmail.com","528-448-0596"
326,"Morgan","Mcmahon","Cape Town","South Africa","Morgan.Mcmahon@gmail.com","944-187-0139"
327,"Erika","Mathis","Cape Town","South Africa","Erika.Mathis@gmail.com","149-730-4642"
328,"Caleb","Schneider","Cape Town","South Africa","Caleb.Schneider@ymail.com","603-919-9923"
329,"Raymond","Jones","Cape Town","South Africa","Raymond.Jones@aol.com","431-334-0487"
330,"Dana","Salazar","Cape Town","South Africa","Dana.Salazar@ymail.com","675-858-4831"
331,"Kenneth","Kelley","Cape Town","South Africa","Kenneth.Kelley@gmail.com","924-132-9568"
332,"Benjamin","Williams","Cape Town","South Africa","Benjamin.Williams@gmail.com","566-264-3903"
332,"Benjamin","Williams","Cape Town","South Africa","Benjamin.Williams@gmail.com","566-264-3903"
333,"Olivia","Valdez","Cape Town","South Africa","Olivia.Valdez@hotmail.com","691-328-3913"
333,"Olivia","Valdez","Cape Town","South Africa","Olivia.Valdez@hotmail.com","691-328-3913"
334,"Kathryn","Moore","Cape Town","South Africa","Kathryn.Moore@yahoo.com","705-493-8650"
334,"Kathryn","Moore","Cape Town","South Africa","Kathryn.Moore@yahoo.com","705-493-8650"
335,"Tristan","Brown","Cape Town","South Africa","Tristan.Brown@gmail.com","749-644-6447"
335,"Tristan","Brown","Cape Town","South Africa","Tristan.Brown@gmail.com","749-644-6447"
336,"Charles","Robbins","Cape Town","South Africa","Charles.Robbins@gmail.com","810-626-9328"
336,"Charles","Robbins","Cape Town","South Africa","Charles.Robbins@gmail.com","810-626-9328"
